ratio,cent_y,cent_x,eccentricity,solidity,skew_x,skew_y,kurt_x,kurt_y,output
0.11294384286074037,0.4660857830194215,0.4412182020877673,0.9753114170536802,0.2778380052656032,0.26122195021653943,0.07425433607236785,-0.6373679153282064,-0.9062871231296303,1
0.128992628992629,0.45035203270497387,0.4429575038571578,0.9795948082577857,0.3234281572748686,0.20947555592754075,0.0843099733431832,-1.045574250850303,-0.9942777875551645,1
0.1202552719200888,0.4226933412959092,0.42217742988741935,0.9784218537230387,0.29648378711178,0.2666635482245994,0.2382725595701515,-0.727287500216593,-0.8496343969343796,1
0.09412284577993814,0.46880024438870666,0.4006157239133727,0.9814143141199922,0.1831273508866201,-0.09514052915181158,-0.035101058264582964,-0.770413384209363,-0.8579515221831984,0
0.11722417840375587,0.5012163091187929,0.4582648884021694,0.9711288730103013,0.2329106544235534,-0.12017918392754148,-0.20564147485717488,-1.067654139422067,-0.652503443439135,0
0.0856186924089513,0.41283166723775755,0.4073525678991455,0.9677083258144379,0.15608439156084392,0.15735927739756558,0.3511188985211451,-1.192365504679462,-0.1623053975877502,0
