ratio,cent_y,cent_x,eccentricity,solidity,skew_x,skew_y,kurt_x,kurt_y,output
0.11717752234993614,0.5839049140279996,0.4559365223534161,0.9960282183422143,0.16475869809203142,0.09237545688595705,-0.8180278215075513,-1.4077645897247066,0.03889385522944355,1
0.08486590038314176,0.5737866817155756,0.4443925516549475,0.9950888310170694,0.127942238267148,0.1730446494728125,-0.3930683909636017,-1.2252446863030133,0.23097222327327183,1
0.0988095238095238,0.5222604704532415,0.44870454038375723,0.9972036225973145,0.15682569674067076,0.08974606510311273,-0.3020976186870034,-1.3483240156792609,-0.19481656767799338,1
0.10798786653185036,0.6021905757338211,0.44654779351897084,0.9922744051498643,0.14800443458980045,0.09188463132151779,-0.7351214891446979,-1.5001982967458194,-0.02719728998398807,0
0.10701676963812887,0.523008434864105,0.4469022119907917,0.9908161469640506,0.16193656093489148,0.10958522065312916,-0.1294308364349881,-1.319700626567853,-0.4800378790115074,0
0.11811846689895471,0.5654586318303133,0.4675875962299446,0.9881538601497205,0.14656290531776914,-0.007541429340445503,-0.5861794153708662,-1.3463636175703897,-0.5150621320510598,0
