ratio,cent_y,cent_x,eccentricity,solidity,skew_x,skew_y,kurt_x,kurt_y,output
0.09807586586036283,0.4518860458981799,0.4695973555173715,0.9835148722935817,0.20386241572391728,-0.1194185939893171,0.1073196783651636,-1.1560808244933392,-1.0588187461038794,1
0.08748832866479925,0.4533914383967746,0.4331520228155296,0.9813752486971226,0.1885691285973033,0.05966230641643589,0.01785219166324431,-1.067387128480548,-1.0851238042582159,1
0.08689083820662769,0.42601174838385925,0.44819904031906277,0.9808720001140044,0.1962359674224081,0.0035523722784620137,0.1555230579600349,-1.1577831641275136,-0.7703118509487745,1
0.08660130718954248,0.4146296768957912,0.4773161242585896,0.9820757726278753,0.2028395061728395,-0.04586667734313138,0.30222793503756684,-1.2947596935519625,-1.0568289725585491,0
0.09976780185758514,0.48372199151188794,0.4872197950267445,0.971678352496023,0.22491711743151283,-0.06958173233307802,-0.03207239399193153,-1.2268402356233599,-1.1075707298136033,0
0.09523809523809523,0.5082044652180399,0.509025128402291,0.9685413522647792,0.1975271860569045,-0.10912340896757557,-0.13080149907634164,-1.3104291842129883,-1.2021929376140679,0
