ratio,cent_y,cent_x,eccentricity,solidity,skew_x,skew_y,kurt_x,kurt_y,output
0.10601237842617153,0.47746198755373065,0.4752283991448813,0.9777884499943305,0.12074521651560927,0.13127533756353107,-0.11456498645129737,-1.538828391776786,0.16712553120710538,1
0.10065261044176707,0.4803962316431144,0.46573325721839975,0.9659326659752989,0.11988041853512706,0.24201684514732102,-0.1668408229744038,-1.519154646791388,-0.1116038807568196,1
0.0977403633141338,0.48089413373363255,0.4667075053294455,0.981218077351916,0.1086164451009355,0.19195779023189663,-0.3645972724248442,-1.540247351163422,0.08111753998968574,1
0.09763313609467456,0.5626107226107226,0.4890479312354312,0.9816076231653795,0.12242626599888703,0.0866935680529663,-0.9501313462599017,-1.4179007154445107,0.3966921543511108,0
0.1264321608040201,0.5990461049284579,0.47562134999320926,0.985598207557044,0.1502627806975633,0.14535326660404918,-0.9262108585298493,-1.4184943527902547,0.27412944978696796,0
0.08456854665108555,0.5960358514724712,0.4981945216355697,0.9826000240429648,0.11796499656829101,0.031144918222694596,-0.842592412577579,-1.4205580766227157,0.10903977216412208,0
