ratio,cent_y,cent_x,eccentricity,solidity,skew_x,skew_y,kurt_x,kurt_y,output
0.11385260441864216,0.3915495216206104,0.40327110723711296,0.9157749098093264,0.18065506653019447,0.27351423460539104,0.6437292214878901,-0.8512465947097159,-0.313656012552499,1
0.10775112964893986,0.4010411332991978,0.3916333097873009,0.9184177443925868,0.17620310723759,0.5426901997061967,0.49663038717380065,-0.22164283431441367,-0.30314929307858884,1
0.09106794120670161,0.42962999312984596,0.382714567023678,0.8772525725300906,0.1445822454308094,0.3864434148578343,0.23051505674565467,-0.4893797358958003,-0.33148029021647973,1
0.09462592202318229,0.5294329278739078,0.42432193306281846,0.8962561880081682,0.15579458709229702,0.6941613326680909,-0.41393315158704097,-0.4196030600501808,-0.0652217703291389,0
0.06857142857142857,0.47776662440123974,0.4021754807692308,0.8596199159234018,0.12554069007142138,0.7804832232941864,-0.45185770896938476,0.43815071269160644,-0.13356725669867808,0
0.08425525092191759,0.4957430770941713,0.36379227308501016,0.8782814121693923,0.15804511278195488,0.8280650461528796,-0.26410445028349644,-0.14092285441073127,-0.0809271268607965,0
