ratio,cent_y,cent_x,eccentricity,solidity,skew_x,skew_y,kurt_x,kurt_y,output
0.13189102564102564,0.524453219927096,0.4803096862635138,0.9833041343132994,0.17860243055555555,-0.00412689277620161,-0.39744775318432357,-1.1466119029792854,-0.32285350249477185,1
0.13675360329444064,0.6299429311531145,0.4597426519661496,0.9918510510774368,0.19057867049258728,0.07893859163279003,-0.8114139280797728,-0.974786811807653,-0.160268201203571,1
0.10785953177257525,0.5217650566487776,0.4736125154477025,0.9897521139356541,0.15601693207014714,-0.031040250520017073,-0.44206837692394846,-1.1725872527459968,-0.12072545463593398,1
0.1480392156862745,0.4947847682119205,0.5130502532138683,0.9853731329254849,0.1988150098749177,-0.11022655514650156,-0.18429222025125674,-1.2016077296705843,-0.4192012816080788,0
0.16627027027027028,0.4796682247917618,0.4880520156046814,0.9849959157586962,0.24694926140012846,-0.09694056308071272,-0.20620062873360726,-1.2273959857095684,0.24714818177428688,0
0.17262905162064826,0.5434532088217763,0.46214981124577786,0.9809582365124782,0.25104748603351956,0.0679873598896859,-0.2495491402494687,-1.2641879311352935,0.08553687779876151,0
