ratio,cent_y,cent_x,eccentricity,solidity,skew_x,skew_y,kurt_x,kurt_y,output
0.22297637003519358,0.5299754625638304,0.3773403096965668,0.9574113501764686,0.36989157631359465,0.4322196832832603,-0.23930814447346976,-0.44051262995350626,-0.3320453470022193,1
0.19462809917355373,0.5543259023354564,0.3742257549437631,0.9577130779056192,0.34142805364262413,0.5800473369285295,-0.44912025440236486,-0.3017901156230569,-0.017241532468691645,1
0.16392118863049096,0.5374040554473594,0.3764846743295019,0.9717769849284639,0.3631484794275492,0.854372727196338,-0.0416988449538669,0.2591072060195203,0.07172391394432243,1
0.18319509556437072,0.5615018461675342,0.5275590551181102,0.944922478711964,0.24056827150749802,-0.12174730888865926,-0.2539688822604518,-1.14021815874026,-0.4923596423096934,0
0.18504464285714287,0.47302849819059106,0.49699724280544544,0.9435247536597755,0.24056877539175855,-0.09149484008777176,0.30578178755991364,-1.077747012989867,-0.23374287916329894,0
0.15761619880349748,0.5782812284809254,0.41313423535695215,0.965285669969987,0.2329139748384903,0.05729811581339157,-0.038681605807177596,-0.8652937295090197,-0.4005192967026483,0
